plant-01	Prickly poppy (<em>Argemone</em>)	genus
plant-02	Pinnate fern fronds	descriptive
plant-03	Dayflower (<em>Commelina</em>) with a sweat bee	genus
plant-04	Cutleaf toothwort (<em>Cardamine concatenata</em>)	species
plant-05	White trout lily (<em>Erythronium albidum</em>)	species
plant-06	Bloodroot (<em>Sanguinaria canadensis</em>)	species
plant-07	Spring beauty (<em>Claytonia virginica</em>)	species
plant-08	Spring ephemeral foliage on the woodland floor	descriptive
plant-09	Celandine poppy (<em>Stylophorum diphyllum</em>)	species
plant-10	Green milkweed (<em>Asclepias viridis</em>)	species
plant-11	Spring wildflower, Ranunculaceae	descriptive
plant-12	Jack-in-the-pulpit (<em>Arisaema triphyllum</em>)	species
plant-13	Blue cohosh (<em>Caulophyllum thalictroides</em>) in flower	species
plant-14	Royal fern (<em>Osmunda regalis</em>)	species
plant-15	Fern pinnae with sori	descriptive
plant-16	Fertile frond with dense sporangia	descriptive
plant-17	Tropical forest-floor herb in flower	descriptive
plant-18	Pawpaw (<em>Asimina triloba</em>) in flower	species
plant-19	Rue anemone (<em>Thalictrum thalictroides</em>)	species
plant-20	Mosquito fern (<em>Azolla</em>) on still water	genus
plant-21	Fern rosette on the forest floor	descriptive
plant-22	Palm inflorescence	descriptive
plant-23	<em>Euphorbia</em> in flower on a volcanic slope	genus
plant-24	Gorse (<em>Ulex europaeus</em>) on a coastal headland	species
plant-25	Bald cypress (<em>Taxodium distichum</em>) swamp	species
plant-26	Fern on an open bank	descriptive
plant-27	Vine seedlings among <em>Selaginella</em>	genus
plant-28	Ferns and compound-leaved herbs on the forest floor	descriptive
plant-29	<em>Anemone</em> in a mountain meadow	genus
plant-30	Nodding white flowers above round basal leaves	descriptive
plant-31	Twinflower (<em>Linnaea borealis</em>)	species
plant-32	Bog orchid (<em>Platanthera</em>)	genus
plant-33	Forget-me-not (<em>Myosotis</em>)	genus
plant-34	Yellow columbine (<em>Aquilegia</em>)	genus
plant-35	Mountain avens (<em>Dryas octopetala</em>)	species
plant-36	Shooting star (<em>Dodecatheon</em>)	genus
plant-37	<em>Anemone</em> in flower	genus
plant-38	Strap-leaved herbs on a mossy rock face	descriptive
plant-39	Ferns beside a path	descriptive
plant-40	Lungwort lichen (<em>Lobaria pulmonaria</em>) on bark	species
plant-41	Clubmoss (<em>Lycopodium</em>)	genus
plant-42	Woodland monocot in flower	descriptive
plant-43	Milkweed (<em>Asclepias</em>) in flower	genus
plant-44	Ironweed (<em>Vernonia</em>)	genus
plant-45	Ferns in deciduous woodland	descriptive
plant-46	Fern on a wooded slope	descriptive
plant-47	Fern frond against moss	descriptive
plant-48	Fern clump on a rocky slope	descriptive
plant-49	Hedgehog cactus (<em>Echinocereus</em>) in flower	genus
plant-50	Soapweed yucca (<em>Yucca glauca</em>) in bloom on shortgrass prairie	species
plant-51	Harebell (<em>Campanula rotundifolia</em>) on a canyon rim	species
plant-52	Mariposa lily (<em>Calochortus</em>)	genus
plant-53	<em>Gaura</em> in flower	genus
plant-54	Small yellow-flowered herb on limestone	descriptive
plant-55	Tall yellow-flowered spike in badlands	descriptive
plant-56	Fern frond, held for scale	descriptive
plant-57	Campion (<em>Silene</em>)	genus
plant-58	Lupine (<em>Lupinus</em>) in a mountain meadow	genus
plant-59	Fern on the forest floor	descriptive
plant-60	Small white flower with opposite leaves	descriptive
plant-61	Backlit fern frond with marginal sori	descriptive
plant-62	Cinnamon fern (<em>Osmundastrum cinnamomeum</em>) with fertile fronds	species
plant-63	Blue-eyed grass (<em>Sisyrinchium</em>)	genus
plant-64	Understory shrub with ripening fruit	descriptive
plant-65	Winged fruits (samaras)	descriptive
plant-66	Pink-flowered shrub in cyme	descriptive
plant-67	<em>Geranium</em> in a meadow	genus
plant-68	<em>Penstemon</em> in flower	genus
plant-69	Palmately compound leaves	descriptive
plant-70	Seedlings on a clod of soil	descriptive
plant-71	Woodland wildflowers	descriptive
plant-72	Wild onion (<em>Allium</em>)	genus
plant-73	Finely dissected foliage	descriptive
plant-74	Fern frond with sori in rows	descriptive
plant-75	Horsetail (<em>Equisetum</em>) fertile shoots	genus
plant-76	Climbing vine with compound leaves	descriptive
